type,galaxyID,timeStep,age(GYr),redshift(z),camera,filter,px(pixels),errpx(pixels),py(pixels),errpy(pixels),mag,errmag,rad(pixels),errrad(pixels),rad(kpc),errrad(kpc),sersicIndex(n),errsersicIndex(n),b/a,errb/a,angle(deg),errangle(deg),sky
enum,enum,numeric,numeric,numeric,numeric,enum,numeric,numeric,numeric,numeric,numeric,numeric,numeric,numeric,numeric,numeric,numeric,numeric,numeric,numeric,numeric,numeric,numeric
central,VELA28,200,1.558,4.0,0,F160W,299.8439,0.0254,300.1331,0.0231,22.3782,0.0030,17.5238,0.0574,834.84084152,2.73455896,1.5427,0.0048,0.8892,0.0024,-48.1030,0.8570,0.000e+00
central,VELA28,200,1.558,4.0,1,F160W,299.8161,0.0385,300.7185,0.0193,22.5626,0.0024,21.5806,0.0475,1028.10841624,2.262919,1.0814,0.0037,0.4919,0.0011,-89.6285,0.0988,0.000e+00
central,VELA28,200,1.558,4.0,5,F160W,301.2761,0.0354,300.9061,0.0161,22.3401,0.0025,21.2104,0.0514,1010.47194016,2.44871656,1.3470,0.0044,0.4491,0.0011,89.3506,0.0909,0.000e+00
central,VELA28,200,1.558,4.0,6,F160W,300.5608,0.0264,300.9894,0.0187,22.3073,0.0024,17.1936,0.0417,819.10998144,1.98660468,1.4419,0.0040,0.6896,0.0015,-87.9966,0.2137,0.000e+00
central,VELA28,200,1.558,4.0,7,F160W,301.2389,0.0401,301.3326,0.0162,22.4454,0.0026,22.5495,0.0577,1074.2671998,2.74885108,1.3274,0.0033,0.4041,0.0010,-89.5093,0.0815,0.000e+00
central,VELA28,200,1.558,4.0,8,F160W,301.2957,0.0411,301.2813,0.0166,22.4312,0.0026,22.8090,0.0581,1086.6298836,2.76790724,1.2818,0.0038,0.4007,0.0010,-89.5351,0.0815,0.000e+00
other,VELA28,210,1.676,3.7619047619,0,F160W,367.3207,0.1442,336.3804,0.0612,28.4183,0.0963,127.3790,56.3500,6372.4274467,2819.038355,19.9983,4.6563,0.0500,0.0020,64.0555,0.1118,0.000e+00
central,VELA28,210,1.676,3.7619047619,0,F160W,300.8772,0.0297,300.1618,0.0313,22.2051,0.0026,17.1562,0.0502,858.27836426,2.51137046,1.4287,0.0049,0.9162,0.0021,-21.2530,1.1954,0.000e+00
central,VELA28,210,1.676,3.7619047619,1,F160W,297.5457,0.0462,300.0721,0.0196,22.3876,0.0024,24.2036,0.0518,1210.84075828,2.59141414,1.0093,0.0026,0.4414,0.0010,-87.9470,0.0878,0.000e+00
central,VELA28,210,1.676,3.7619047619,5,F160W,294.8090,0.0454,300.7502,0.0217,22.3138,0.0026,26.0267,0.0510,1302.04552891,2.5513923,0.9569,0.0038,0.4191,0.0010,-84.9982,0.0818,0.000e+00
central,VELA28,210,1.676,3.7619047619,6,F160W,296.6042,0.0381,301.2793,0.0190,22.2547,0.0021,23.1112,0.0440,1156.19093576,2.2012012,1.0114,0.0027,0.5080,0.0009,87.1392,0.0958,0.000e+00
central,VELA28,210,1.676,3.7619047619,7,F160W,297.5537,0.0439,301.4784,0.0198,22.2628,0.0025,22.8178,0.0508,1141.51292594,2.54138684,1.0453,0.0039,0.4507,0.0010,-85.7569,0.0923,0.000e+00
central,VELA28,210,1.676,3.7619047619,8,F160W,297.5105,0.0444,301.3762,0.0199,22.2847,0.0025,23.0416,0.0514,1152.70903568,2.57140322,1.0515,0.0040,0.4488,0.0010,-85.8612,0.0920,0.000e+00
central,VELA28,220,1.796,3.54545454545,0,F160W,301.6374,0.0345,299.0988,0.0397,21.5308,0.0033,18.1752,0.0575,952.32958944,3.012839,1.2860,0.0048,0.8708,0.0026,17.3599,0.7958,0.000e+00
other,VELA28,220,1.796,3.54545454545,0,F160W,64.7209,0.0678,78.1923,0.0387,22.5887,0.0054,16.5461,0.0617,866.96931092,3.23290724,0.4959,0.0051,0.5619,0.0021,73.0349,0.2656,0.000e+00
central,VELA28,220,1.796,3.54545454545,1,F160W,298.8430,0.0418,300.9714,0.0173,21.6307,0.0024,22.2089,0.0498,1163.68417508,2.60938056,1.0178,0.0033,0.4185,0.0009,81.4816,0.0809,0.000e+00
central,VELA28,220,1.796,3.54545454545,5,F160W,296.3263,0.0332,301.8190,0.0156,21.6007,0.0027,18.6452,0.0503,976.95627344,2.63557916,1.3699,0.0045,0.4489,0.0011,-86.3541,0.1019,0.000e+00
central,VELA28,220,1.796,3.54545454545,6,F160W,297.7354,0.0299,302.6298,0.0159,21.5367,0.0021,19.2564,0.0390,1008.98144208,2.0434908,1.1052,0.0033,0.5034,0.0010,85.7175,0.0919,0.000e+00
central,VELA28,220,1.796,3.54545454545,7,F160W,299.0359,0.0322,302.0765,0.0159,21.6237,0.0025,18.4571,0.0442,967.10036012,2.31595624,1.2658,0.0040,0.4877,0.0011,-83.8987,0.1061,0.000e+00
central,VELA28,220,1.796,3.54545454545,8,F160W,298.4348,0.0304,301.9810,0.0148,21.5875,0.0025,18.5744,0.0456,973.24655168,2.38931232,1.3645,0.0042,0.4676,0.0011,-83.9303,0.0987,0.000e+00
other,VELA28,230,1.919,3.34782608696,0,F160W,108.4854,0.0243,260.9750,0.0225,22.5689,0.0044,9.7981,0.0440,537.38267336,2.4132064,1.5777,0.0104,0.8719,0.0037,-77.0720,1.1079,0.000e+00
central,VELA28,230,1.919,3.34782608696,0,F160W,298.9353,0.0214,300.1120,0.0234,20.9869,0.0022,15.7276,0.0308,862.58965856,1.68924448,1.1629,0.0035,0.8899,0.0018,4.0087,0.5822,0.000e+00
central,VELA28,230,1.919,3.34782608696,1,F160W,301.0984,0.0217,301.4240,0.0125,21.2253,0.0018,17.5636,0.0286,963.28618016,1.56858416,1.1603,0.0030,0.5367,0.0010,85.5513,0.0864,0.000e+00
central,VELA28,230,1.919,3.34782608696,5,F160W,303.5461,0.0225,301.0155,0.0126,21.1587,0.0019,17.7376,0.0269,972.82931456,1.47534664,1.0920,0.0028,0.5126,0.0009,-88.3181,0.0851,0.000e+00
central,VELA28,230,1.919,3.34782608696,6,F160W,300.0392,0.0229,300.4308,0.0124,21.2196,0.0018,17.6901,0.0275,970.22414856,1.508254,1.1196,0.0028,0.5314,0.0009,-89.7404,0.0853,0.000e+00
central,VELA28,230,1.919,3.34782608696,7,F160W,304.4494,0.0213,301.3684,0.0129,21.1912,0.0019,18.8339,0.0266,1032.95654584,1.45889296,1.0465,0.0027,0.4875,0.0009,-85.6440,0.0771,0.000e+00
central,VELA28,230,1.919,3.34782608696,8,F160W,304.1609,0.0211,301.2809,0.0124,21.1855,0.0018,18.4798,0.0266,1013.53571888,1.45889296,1.0782,0.0027,0.4924,0.0009,-85.7693,0.0775,0.000e+00
central,VELA28,260,2.301,2.84615384615,0,F160W,299.5316,0.0128,301.1802,0.0133,20.9316,0.0022,9.8294,0.0232,609.19279204,1.43785712,1.5069,0.0050,0.9499,0.0019,63.4165,1.4318,0.000e+00
other,VELA28,260,2.301,2.84615384615,0,F160W,238.4820,0.0176,374.3337,0.0125,22.3296,0.0041,10.0082,0.0435,620.27420812,2.6959821,1.8220,0.0087,0.6592,0.0029,-61.3246,0.3418,0.000e+00
other,VELA28,260,2.301,2.84615384615,1,F160W,453.2013,0.0193,33.0463,0.0188,23.0578,0.0052,7.7836,0.0358,482.40106376,2.21876228,1.1534,0.0099,0.6662,0.0033,47.8128,0.4202,0.000e+00
central,VELA28,260,2.301,2.84615384615,1,F160W,301.1009,0.0109,300.5433,0.0058,21.0856,0.0021,9.5431,0.0192,591.44889146,1.18995072,1.7936,0.0046,0.6029,0.0013,79.3299,0.1385,0.000e+00
other,VELA28,260,2.301,2.84615384615,1,F160W,275.0185,0.0243,534.3850,0.0195,22.3726,0.0037,10.3805,0.0406,643.3480963,2.51624996,1.5370,0.0052,0.8319,0.0029,-76.5414,0.6515,0.000e+00
central,VELA28,260,2.301,2.84615384615,5,F160W,300.3734,0.0097,300.2022,0.0063,21.0168,0.0020,9.8286,0.0191,609.14321076,1.18375306,1.8210,0.0048,0.5855,0.0012,83.2346,0.1217,0.000e+00
other,VELA28,260,2.301,2.84615384615,5,F160W,499.7691,0.0270,39.1850,0.0146,23.0160,0.0050,9.7422,0.0415,603.78843252,2.5720289,1.2089,0.0092,0.4612,0.0023,63.9479,0.1969,0.000e+00
other,VELA28,260,2.301,2.84615384615,5,F160W,325.7872,0.0245,543.4705,0.0192,22.3700,0.0037,10.3392,0.0398,640.78846272,2.46666868,1.4836,0.0056,0.8045,0.0029,88.5744,0.5671,0.000e+00
central,VELA28,260,2.301,2.84615384615,6,F160W,299.3983,0.0112,300.4891,0.0061,21.1067,0.0020,11.0256,0.0214,683.32920096,1.32629924,1.8239,0.0045,0.5842,0.0012,87.6215,0.1186,0.000e+00
other,VELA28,260,2.301,2.84615384615,6,F160W,413.7335,0.0370,35.9464,0.0158,23.0096,0.0048,11.9548,0.0474,740.91785768,2.93769084,1.1185,0.0084,0.3969,0.0018,66.9940,0.1508,0.000e+00
other,VELA28,260,2.301,2.84615384615,6,F160W,396.2762,0.0139,534.3755,0.0167,22.4163,0.0036,10.3015,0.0364,638.4519449,2.25594824,1.5641,0.0069,0.6443,0.0023,38.1300,0.2668,0.000e+00
central,VELA28,260,2.301,2.84615384615,7,F160W,300.4178,0.0091,300.1987,0.0061,21.0411,0.0019,9.5763,0.0179,593.50651458,1.10938114,1.8021,0.0046,0.6030,0.0012,80.5585,0.1278,0.000e+00
other,VELA28,260,2.301,2.84615384615,7,F160W,465.3842,0.0226,50.5944,0.0149,23.0450,0.0049,8.1299,0.0349,503.86356034,2.16298334,1.1697,0.0092,0.5896,0.0028,59.5740,0.2952,0.000e+00
other,VELA28,260,2.301,2.84615384615,7,F160W,283.9680,0.0223,544.8040,0.0173,22.3576,0.0035,10.7030,0.0389,663.3355498,2.41088974,1.6334,0.0064,0.7748,0.0027,-77.9421,0.4660,0.000e+00
other,VELA28,260,2.301,2.84615384615,8,F160W,472.5619,0.0228,49.1711,0.0146,23.0438,0.0050,8.2547,0.0369,511.59824002,2.28693654,1.2309,0.0092,0.5743,0.0028,60.0859,0.2871,0.000e+00
central,VELA28,260,2.301,2.84615384615,8,F160W,300.3989,0.0096,300.1945,0.0063,21.0368,0.0020,9.5483,0.0181,591.77116978,1.12177646,1.7642,0.0043,0.5998,0.0012,81.0762,0.1287,0.000e+00
other,VELA28,260,2.301,2.84615384615,8,F160W,290.2902,0.0240,544.8598,0.0192,22.3569,0.0036,10.6898,0.0399,662.51745868,2.47286634,1.5150,0.0059,0.7864,0.0028,-82.2628,0.5052,0.000e+00
other,VELA28,270,2.434,2.7037037037,0,F160W,364.7088,0.0142,249.0293,0.0179,22.5269,0.0048,10.0836,0.0538,648.54790956,3.46025998,2.1359,0.0134,0.7069,0.0037,-47.9798,0.5002,0.000e+00
other,VELA28,270,2.434,2.7037037037,0,F160W,564.4099,0.0184,113.9749,0.0356,21.5936,0.0033,17.2289,0.0562,1108.11288419,3.61462102,1.3587,0.0062,0.4913,0.0016,-14.5325,0.1474,0.000e+00
central,VELA28,270,2.434,2.7037037037,0,F160W,300.5602,0.0108,301.0536,0.0119,21.0069,0.0025,10.8011,0.0305,694.69542881,1.96167155,1.6327,0.0060,0.8780,0.0020,57.5068,0.6461,0.000e+00
central,VELA28,270,2.434,2.7037037037,1,F160W,300.4127,0.0123,300.2468,0.0084,21.2865,0.0019,10.3591,0.0190,666.26727061,1.2220249,1.5208,0.0042,0.6826,0.0013,81.7214,0.1692,0.000e+00
other,VELA28,270,2.434,2.7037037037,1,F160W,335.6673,0.0111,578.1161,0.0146,22.4553,0.0033,10.1142,0.0424,650.51601282,2.72704504,2.0906,0.0094,0.7895,0.0026,-32.9447,0.5252,0.000e+00
other,VELA28,270,2.434,2.7037037037,1,F160W,280.2370,0.0133,401.6801,0.0124,22.8346,0.0029,6.1695,0.0255,396.80434845,1.64008605,1.7754,0.0101,0.9748,0.0028,53.9508,5.3105,0.000e+00
central,VELA28,270,2.434,2.7037037037,5,F160W,301.1792,0.0104,300.4532,0.0061,21.1841,0.0019,10.0007,0.0186,643.21602197,1.19629806,1.7564,0.0045,0.6403,0.0012,80.2262,0.1397,0.000e+00
other,VELA28,270,2.434,2.7037037037,5,F160W,262.4394,0.0118,561.3939,0.0125,22.4748,0.0033,9.3951,0.0357,604.26558621,2.29612047,1.8956,0.0081,0.9224,0.0029,-46.0510,1.5180,0.000e+00
other,VELA28,270,2.434,2.7037037037,5,F160W,315.7245,0.0136,406.2550,0.0095,22.8470,0.0039,8.2064,0.0355,527.81184944,2.28325705,2.1115,0.0109,0.6369,0.0025,76.4384,0.2967,0.000e+00
central,VELA28,270,2.434,2.7037037037,6,F160W,299.6754,0.0099,300.8091,0.0066,21.2414,0.0018,10.7097,0.0195,688.81684587,1.25418345,1.8288,0.0043,0.6098,0.0012,88.1328,0.1229,0.000e+00
other,VELA28,270,2.434,2.7037037037,6,F160W,217.7894,0.0121,575.2918,0.0166,22.5355,0.0034,10.5929,0.0429,681.30460859,2.75920359,1.9408,0.0085,0.6644,0.0023,11.0825,0.2907,0.000e+00
other,VELA28,270,2.434,2.7037037037,6,F160W,340.0892,0.0176,400.2528,0.0108,22.7614,0.0037,8.9728,0.0337,577.10447488,2.16748627,1.7714,0.0084,0.5980,0.0022,74.5621,0.2395,0.000e+00
central,VELA28,270,2.434,2.7037037037,7,F160W,300.8474,0.0112,300.5546,0.0068,21.2082,0.0019,9.9144,0.0181,637.66545624,1.16413951,1.6203,0.0043,0.6579,0.0013,79.1096,0.1509,0.000e+00
other,VELA28,270,2.434,2.7037037037,7,F160W,297.2314,0.0138,549.3943,0.0112,22.4439,0.0033,10.2285,0.0377,657.86745735,2.42475467,2.1565,0.0071,0.8246,0.0026,-51.2827,0.6021,0.000e+00
other,VELA28,270,2.434,2.7037037037,7,F160W,298.2477,0.0154,408.2896,0.0100,22.8320,0.0039,7.5011,0.0314,482.44899881,2.01955694,1.8288,0.0094,0.7137,0.0028,79.7557,0.4054,0.000e+00
central,VELA28,270,2.434,2.7037037037,8,F160W,301.0285,0.0114,300.4982,0.0068,21.2057,0.0019,9.9490,0.0183,639.8908279,1.17700293,1.6205,0.0043,0.6540,0.0013,79.3652,0.1494,0.000e+00
other,VELA28,270,2.434,2.7037037037,8,F160W,291.5055,0.0107,550.6862,0.0124,22.4480,0.0033,10.2423,0.0384,658.75503333,2.46977664,2.1493,0.0092,0.8417,0.0026,-54.1653,0.6902,0.000e+00
other,VELA28,270,2.434,2.7037037037,8,F160W,301.2425,0.0152,408.1041,0.0120,22.8414,0.0040,7.5081,0.0319,482.89921851,2.05171549,1.8221,0.0107,0.7037,0.0026,79.9009,0.3918,0.000e+00
central,VELA28,280,2.568,2.57142857143,0,F160W,300.2925,0.0162,300.2007,0.0143,20.9640,0.0033,9.8746,0.0354,658.65458174,2.36124726,1.6872,0.0078,0.8502,0.0027,65.7948,0.6804,0.000e+00
other,VELA28,280,2.568,2.57142857143,0,F160W,486.8004,0.0303,300.0712,0.0365,22.8868,0.0080,11.1879,0.1075,746.25418701,7.17045425,2.2286,0.0199,0.8381,0.0062,33.4070,1.5875,0.000e+00
other,VELA28,280,2.568,2.57142857143,0,F160W,464.3951,0.0130,214.3165,0.0199,20.2794,0.0025,12.5536,0.0255,837.34897184,1.70089845,1.0023,0.0043,0.6380,0.0014,34.6812,0.1789,0.000e+00
other,VELA28,280,2.568,2.57142857143,1,F160W,342.5615,0.0523,463.3821,0.0583,20.7277,0.0096,9.7452,0.1241,650.02335588,8.27770579,1.5505,0.0257,0.9772,0.0092,-8.9883,14.8724,0.000e+00
other,VELA28,280,2.568,2.57142857143,1,F160W,269.7551,0.0211,600.1262,0.0387,23.5948,0.0191,16.5835,0.3446,1106.15095865,22.98547474,3.9462,0.0804,0.4590,0.0126,-53.6902,1.2663,0.000e+00
central,VELA28,280,2.568,2.57142857143,1,F160W,302.0464,0.0456,300.5728,0.0070,22.0389,1.9223,6.417e-03,2.924e-02,0.4280260923,1.950363556,19.9998,14.7100,0.5976,0.0942,83.8654,7.7602,0.000e+00
other,VELA28,280,2.568,2.57142857143,5,F160W,185.4481,0.0231,393.2796,0.0202,20.5582,0.0045,9.9662,0.0415,664.76447578,2.76812885,1.8311,0.0113,0.7353,0.0032,-73.5151,0.4741,0.000e+00
other,VELA28,280,2.568,2.57142857143,5,F160W,132.8688,0.0731,572.3447,0.0244,23.4517,0.0098,85.7452,6.9336,5719.36775588,462.48429384,9.8256,0.3687,0.4287,0.0059,-58.3587,0.4532,0.000e+00
central,VELA28,280,2.568,2.57142857143,5,F160W,297.1173,0.0306,301.0828,0.0311,22.2077,1.7558,8.354e-03,3.214e-02,0.5572276726,2.143799066,19.9998,11.0704,0.3250,0.0359,-45.0112,2.0929,0.000e+00
other,VELA28,280,2.568,2.57142857143,6,F160W,121.8390,0.0136,429.2975,0.0139,20.3852,0.0029,12.8998,0.0386,860.44116962,2.57469334,1.7725,0.0075,0.3927,0.0012,42.5849,0.0947,0.000e+00
other,VELA28,280,2.568,2.57142857143,6,F160W,154.4251,0.0260,577.2072,0.0262,22.9398,0.0085,9.1442,0.1010,609.93551398,6.7368919,2.0605,0.0265,0.8224,0.0071,75.2108,1.7990,0.000e+00
central,VELA28,280,2.568,2.57142857143,6,F160W,300.3656,0.0233,300.5242,0.0141,21.1106,0.0040,9.7301,0.0380,649.01615719,2.5346722,1.6138,0.0069,0.6403,0.0027,83.6063,0.3094,0.000e+00
central,VELA28,280,2.568,2.57142857143,7,F160W,300.4428,0.0229,300.5237,0.0168,21.1461,0.0042,10.1197,0.0432,675.00321743,2.88152208,1.7337,0.0101,0.7612,0.0033,75.7978,0.5090,0.000e+00
other,VELA28,280,2.568,2.57142857143,7,F160W,178.3508,0.0261,526.9846,0.0388,22.9679,0.0096,10.2820,0.1139,685.8289358,7.59734641,2.0721,0.0273,0.6628,0.0064,43.7496,0.8232,0.000e+00
other,VELA28,280,2.568,2.57142857143,7,F160W,256.9403,0.0171,371.2348,0.0324,20.2760,0.0029,14.6100,0.0269,974.514759,1.79428111,0.4574,0.0026,0.5148,0.0011,-2.6148,0.1207,0.000e+00
other,VELA28,280,2.568,2.57142857143,8,F160W,244.4290,0.0283,384.6786,0.0333,20.4985,0.0052,10.6567,0.0635,710.82213773,4.23557065,1.5400,0.0133,0.8408,0.0042,16.9390,0.9958,0.000e+00
other,VELA28,280,2.568,2.57142857143,8,F160W,170.2496,0.0355,534.7671,0.0474,22.1207,0.0611,1117.1078,231.7679,74513.2127648,15459.359289,20.0000,1.1631,0.4964,0.0028,-49.1616,0.2334,0.000e+00
central,VELA28,280,2.568,2.57142857143,8,F160W,299.4447,0.0091,301.8580,0.0202,21.8241,0.0086,9.9519,0.0758,663.81063861,5.05600402,4.1527,0.0274,0.6208,0.0035,-50.8668,0.3869,0.000e+00
central,VELA28,290,2.704,2.44827586207,0,F160W,301.2314,0.0166,299.8473,0.0136,20.5036,0.0026,11.4752,0.0326,792.57370368,2.25162984,1.5140,0.0060,0.7866,0.0019,62.8503,0.3642,0.000e+00
other,VELA28,290,2.704,2.44827586207,0,F160W,394.4613,0.0120,244.2552,0.0162,20.7322,0.0029,13.0350,0.0433,900.306594,2.99066172,1.8559,0.0077,0.7406,0.0021,43.0887,0.3301,0.000e+00
other,VELA28,290,2.704,2.44827586207,0,F160W,225.6484,0.0249,480.4402,0.0277,23.0552,0.0083,7.9767,0.0699,550.93790628,4.82788116,1.7761,0.0139,0.8684,0.0067,32.3515,2.0626,0.000e+00
central,VELA28,290,2.704,2.44827586207,1,F160W,298.5311,0.0218,300.6534,0.0163,20.6279,0.0035,11.9355,0.0435,824.3658882,3.0044754,1.7317,0.0084,0.7246,0.0025,-74.1466,0.3685,0.000e+00
other,VELA28,290,2.704,2.44827586207,1,F160W,489.2654,0.0458,559.0334,0.0579,23.1068,0.0109,9.1078,0.1135,629.06117352,7.8392634,1.6892,0.0245,0.7905,0.0082,8.8754,1.6070,0.000e+00
other,VELA28,290,2.704,2.44827586207,5,F160W,369.5292,0.0152,245.6509,0.0367,20.9325,0.0034,20.6113,0.0749,1423.58951292,5.17322316,1.7209,0.0078,0.4635,0.0015,16.0320,0.1389,0.000e+00
other,VELA28,290,2.704,2.44827586207,5,F160W,291.6476,0.0288,525.2708,0.0397,23.0783,0.0088,9.8269,0.1041,678.72825996,7.19002044,2.1161,0.0225,0.7440,0.0060,0.5728,1.0203,0.000e+00
central,VELA28,290,2.704,2.44827586207,5,F160W,301.3456,0.0148,300.2810,0.0113,20.5619,0.0028,10.7705,0.0303,743.9012022,2.09277252,1.6062,0.0064,0.6606,0.0019,71.2637,0.2336,0.000e+00
central,VELA28,290,2.704,2.44827586207,6,F160W,301.4483,0.0159,300.6992,0.0105,20.5156,0.0030,11.8162,0.0380,816.12602808,2.6245992,1.9635,0.0053,0.5928,0.0019,83.6029,0.1917,0.000e+00
other,VELA28,290,2.704,2.44827586207,6,F160W,409.2278,0.0279,248.2137,0.0492,20.8616,0.0036,21.3789,0.0759,1476.60641676,5.24229156,1.2145,0.0051,0.4281,0.0014,32.1148,0.1252,0.000e+00
other,VELA28,290,2.704,2.44827586207,6,F160W,131.5130,0.0400,574.4135,0.0432,23.1501,0.0099,7.5986,0.0871,524.82314424,6.01585764,1.6564,0.0234,0.9475,0.0086,10.0567,6.8165,0.000e+00
other,VELA28,290,2.704,2.44827586207,7,F160W,364.4284,0.0252,467.9328,0.0401,23.0676,0.0081,9.7211,0.0939,671.42082324,6.48552276,1.9869,0.0201,0.7089,0.0053,9.5646,0.8230,0.000e+00
other,VELA28,290,2.704,2.44827586207,7,F160W,271.1305,0.2542,191.1573,0.4596,22.6106,0.0072,59.5376,0.3356,4112.16677184,23.17935504,0.2191,0.0041,0.5917,0.0030,-16.6958,0.2771,0.000e+00
central,VELA28,290,2.704,2.44827586207,7,F160W,300.8673,0.0187,300.9480,0.0142,20.5767,0.0025,10.4855,0.0284,724.2167082,1.96154256,1.3218,0.0056,0.7552,0.0020,80.6062,0.2626,0.000e+00
other,VELA28,290,2.704,2.44827586207,7,F160W,332.9069,0.0211,278.7285,0.0419,20.9103,0.0031,21.8934,0.0696,1512.14210856,4.80716064,1.5190,0.0052,0.4894,0.0016,6.5575,0.1434,0.000e+00
other,VELA28,290,2.704,2.44827586207,8,F160W,353.0397,0.0265,475.5461,0.0294,23.0661,0.0084,9.7742,0.0967,675.08835528,6.67891428,2.0240,0.0210,0.7243,0.0059,11.2165,0.8882,0.000e+00
other,VELA28,290,2.704,2.44827586207,8,F160W,294.6450,0.1576,187.3543,0.8011,22.5427,0.0074,70.1492,0.4643,4845.09300528,32.06845812,0.2702,0.0043,0.4809,0.0027,2.6370,0.2358,0.000e+00
central,VELA28,290,2.704,2.44827586207,8,F160W,301.1371,0.0197,300.7190,0.0140,20.5974,0.0027,10.4454,0.0291,721.44706536,2.00989044,1.3154,0.0058,0.7215,0.0020,79.5693,0.2932,0.000e+00
other,VELA28,290,2.704,2.44827586207,8,F160W,338.9068,0.0242,275.4032,0.0469,20.9204,0.0033,20.2455,0.0684,1398.3242922,4.72427856,1.2815,0.0060,0.5319,0.0017,8.7181,0.1686,0.000e+00
other,VELA28,300,2.842,2.33333333333,0,F160W,178.6221,0.0154,365.1103,0.0148,20.4867,0.0027,12.9952,0.0412,928.47195296,2.94362876,2.0446,0.0061,0.8265,0.0022,-87.7093,0.5051,0.000e+00
other,VELA28,300,2.842,2.33333333333,0,F160W,378.4275,0.0422,68.6302,0.0347,23.2785,0.0099,9.2845,0.0979,663.35245685,6.99469067,1.5842,0.0198,0.7932,0.0068,52.4686,1.5042,0.000e+00
central,VELA28,300,2.842,2.33333333333,0,F160W,299.7621,0.0135,300.7520,0.0125,20.7033,0.0030,8.6422,0.0298,617.46185606,2.12912954,1.7725,0.0078,0.9090,0.0026,68.4476,1.1024,0.000e+00
other,VELA28,300,2.842,2.33333333333,1,F160W,237.4673,0.0198,258.4592,0.0170,20.5882,0.0028,14.9269,0.0478,1066.48670237,3.41518094,1.6530,0.0059,0.8541,0.0021,-52.6270,0.5334,0.000e+00
other,VELA28,300,2.842,2.33333333333,1,F160W,532.1702,0.0417,470.5416,0.0360,23.3228,0.0093,8.2654,0.0815,590.54051342,5.82295495,1.5779,0.0156,0.8763,0.0082,48.4760,2.5409,0.000e+00
central,VELA28,300,2.842,2.33333333333,1,F160W,300.5544,0.0187,300.6125,0.0150,20.9809,0.0033,9.7014,0.0337,693.13883622,2.40777401,1.6589,0.0094,0.8236,0.0028,-85.0216,0.5147,0.000e+00
other,VELA28,300,2.842,2.33333333333,5,F160W,560.1597,0.0400,71.2434,0.0863,22.6238,0.0078,15.0739,0.1024,1076.98945547,7.31620352,1.0141,0.0121,0.4458,0.0031,17.5207,0.2900,0.000e+00
other,VELA28,300,2.842,2.33333333333,5,F160W,313.2370,0.0439,410.6043,0.0489,23.1825,0.0097,10.4141,0.1247,744.05932693,8.90947831,1.8749,0.0265,0.8095,0.0074,5.8192,1.6646,0.000e+00
central,VELA28,300,2.842,2.33333333333,5,F160W,301.2995,0.0124,300.5635,0.0081,20.8247,0.0032,9.0393,0.0343,645.83357889,2.45064239,2.2227,0.0107,0.7251,0.0025,82.1616,0.3753,0.000e+00
other,VELA28,300,2.842,2.33333333333,5,F160W,389.4030,0.0182,282.6678,0.0142,20.5334,0.0029,14.7880,0.0552,1056.5626724,3.94389096,2.0612,0.0069,0.7306,0.0020,75.2093,0.3169,0.000e+00
other,VELA28,300,2.842,2.33333333333,6,F160W,435.8195,0.0217,267.4722,0.0160,20.5965,0.0029,15.1127,0.0496,1079.76161071,3.54378608,1.7967,0.0071,0.7490,0.0020,64.1989,0.3361,0.000e+00
other,VELA28,300,2.842,2.33333333333,6,F160W,97.6652,0.0485,507.6957,0.0430,23.3007,0.0076,8.6889,0.0886,620.79844497,6.33023078,1.6894,0.0204,0.8811,0.0084,87.8842,2.7651,0.000e+00
central,VELA28,300,2.842,2.33333333333,6,F160W,301.5183,0.0121,300.2902,0.0076,20.8598,0.0032,10.0635,0.0362,719.00990355,2.58639226,2.1705,0.0071,0.7055,0.0024,78.8063,0.3154,0.000e+00
other,VELA28,300,2.842,2.33333333333,7,F160W,410.3002,0.0428,366.9724,0.0549,23.1406,0.0099,10.6720,0.1503,762.4855856,10.73852919,1.8423,0.0337,0.7690,0.0077,21.4917,1.5669,0.000e+00
other,VELA28,300,2.842,2.33333333333,7,F160W,335.0245,0.0461,209.6983,0.0649,22.3009,0.0072,18.9747,0.1480,1355.69108331,10.5742004,1.9114,0.0167,0.6727,0.0045,6.8881,0.6466,0.000e+00
central,VELA28,300,2.842,2.33333333333,7,F160W,339.5896,0.0282,314.5527,0.0199,20.4194,0.0029,18.5144,0.0613,1322.80389112,4.37971949,1.8172,0.0042,0.7038,0.0022,-82.5685,0.2868,0.000e+00
other,VELA28,300,2.842,2.33333333333,8,F160W,372.6081,0.0483,191.6325,0.0720,22.4235,0.0076,17.1477,0.1361,1225.15686621,9.72397753,1.6902,0.0163,0.6976,0.0050,12.2075,0.7487,0.000e+00
other,VELA28,300,2.842,2.33333333333,8,F160W,395.5670,0.0419,371.0981,0.0537,23.1024,0.0089,10.8294,0.1606,773.73139062,11.47443638,1.9314,0.0357,0.8281,0.0077,30.0352,2.2306,0.000e+00
central,VELA28,300,2.842,2.33333333333,8,F160W,348.6108,0.0241,310.1870,0.0188,20.4258,0.0030,17.6873,0.0596,1263.70982929,4.25825908,1.9934,0.0052,0.7132,0.0023,-84.1012,0.3053,0.000e+00
central,VELA28,310,2.982,2.22580645161,0,F160W,300.3985,0.0117,301.2371,0.0125,19.9011,0.0027,14.4912,0.0477,1070.23743216,3.52285011,2.1284,0.0048,0.8683,0.0021,64.5211,0.6617,0.000e+00
other,VELA28,310,2.982,2.22580645161,0,F160W,420.7747,0.0739,141.4726,0.0426,21.9358,0.0067,15.9283,0.1063,1176.37344669,7.85071209,1.2966,0.0106,0.6032,0.0042,-71.3531,0.4429,0.000e+00
other,VELA28,310,2.982,2.22580645161,0,F160W,112.5548,0.0688,418.9855,0.0846,22.3704,0.0086,19.4637,0.2096,1437.47793891,15.47986128,1.8565,0.0213,0.7953,0.0054,17.4621,1.3553,0.000e+00
central,VELA28,310,2.982,2.22580645161,1,F160W,299.5269,0.0233,300.2036,0.0195,20.1385,0.0028,16.3537,0.0486,1207.79106591,3.58931898,1.6452,0.0039,0.8220,0.0021,-54.9701,0.4903,0.000e+00
other,VELA28,310,2.982,2.22580645161,1,F160W,215.6875,0.0537,78.9191,0.0669,22.5505,0.0087,16.5105,0.1914,1219.37142015,14.13571302,1.9438,0.0230,0.7793,0.0056,-31.0795,1.3244,0.000e+00
other,VELA28,310,2.982,2.22580645161,5,F160W,434.2072,0.0953,171.0892,0.1048,22.3062,0.0076,23.0361,0.1920,1701.31504023,14.1800256,1.4396,0.0136,0.8786,0.0048,32.1378,2.0736,0.000e+00
central,VELA28,310,2.982,2.22580645161,5,F160W,300.1430,0.0188,300.8630,0.0145,19.9741,0.0025,15.9607,0.0443,1178.76632601,3.27174549,2.0908,0.0045,0.7578,0.0019,85.0238,0.3022,0.000e+00
other,VELA28,310,2.982,2.22580645161,6,F160W,150.3487,0.0566,402.5253,0.0451,23.4165,0.0133,10.3973,0.1640,767.88531339,12.1121052,2.0290,0.0407,0.7897,0.0106,53.9742,2.0495,0.000e+00
central,VELA28,310,2.982,2.22580645161,6,F160W,299.5730,0.0204,300.2464,0.0150,20.0722,0.0029,16.3572,0.0525,1208.04955596,3.87735075,1.9523,0.0055,0.6986,0.0018,67.3423,0.2701,0.000e+00
other,VELA28,310,2.982,2.22580645161,6,F160W,525.3491,0.0543,92.2665,0.0768,22.4249,0.0088,19.3177,0.1918,1426.69521111,14.16525474,1.9853,0.0267,0.6836,0.0055,-17.1368,0.8063,0.000e+00
central,VELA28,310,2.982,2.22580645161,7,F160W,299.3886,0.0185,301.1389,0.0165,20.0257,0.0025,14.7934,0.0413,1092.55620162,3.05018259,1.8924,0.0041,0.8519,0.0022,-76.2266,0.5094,0.000e+00
other,VELA28,310,2.982,2.22580645161,8,F160W,362.6746,0.0786,247.8443,0.0990,21.7943,0.0058,24.5608,0.1535,1813.92069144,11.33663505,1.3439,0.0088,0.8122,0.0033,-9.0853,0.9931,0.000e+00
central,VELA28,310,2.982,2.22580645161,8,F160W,299.3452,0.0197,301.2517,0.0159,20.0564,0.0025,16.1072,0.0460,1189.58598096,3.3972978,1.8985,0.0040,0.7704,0.0019,-74.2108,0.3152,0.000e+00
other,VELA28,320,3.124,2.125,0,F160W,198.6336,0.0125,329.4171,0.0132,21.6371,0.0069,9.2620,0.1063,705.9644592,8.10235608,3.1422,0.0293,0.8368,0.0055,13.8490,1.6725,0.000e+00
central,VELA28,320,3.124,2.125,0,F160W,300.7429,0.0177,301.0597,0.0168,19.5318,0.0029,16.5029,0.0600,1257.87744264,4.573296,1.9046,0.0044,0.7063,0.0016,48.8675,0.2942,0.000e+00
other,VELA28,320,3.124,2.125,0,F160W,42.5333,0.0101,419.8450,0.0161,21.4031,0.0047,5.6035,0.0442,427.1077356,3.36899472,2.5275,0.0231,0.9378,0.0055,44.7181,3.8780,0.000e+00
central,VELA28,320,3.124,2.125,1,F160W,301.7587,0.0319,300.7662,0.0179,19.4708,0.0024,25.1849,0.0711,1919.63337384,5.41935576,1.8494,0.0050,0.5289,0.0012,-81.3102,0.1220,0.000e+00
central,VELA28,320,3.124,2.125,5,F160W,301.9961,0.0243,300.6341,0.0159,19.5419,0.0025,17.0291,0.0466,1297.98524856,3.55192656,1.7781,0.0035,0.6808,0.0018,-89.5433,0.2141,0.000e+00
other,VELA28,320,3.124,2.125,6,F160W,199.8403,0.0798,282.3905,0.0847,21.7321,0.0082,19.8177,0.1464,1510.53680232,11.15884224,1.0236,0.0158,0.5536,0.0045,43.6354,0.4360,0.000e+00
other,VELA28,320,3.124,2.125,6,F160W,28.3660,0.0111,566.3964,0.0102,21.4387,0.0053,5.7529,0.0458,438.49524264,3.49094928,2.4779,0.0224,0.8500,0.0044,-43.7193,1.4814,0.000e+00
central,VELA28,320,3.124,2.125,6,F160W,298.4190,0.0260,301.6508,0.0151,19.4827,0.0027,21.1610,0.0527,1612.9252776,4.01687832,2.0377,0.0062,0.5542,0.0014,88.5297,0.1480,0.000e+00
central,VELA28,320,3.124,2.125,7,F160W,300.8465,0.0265,300.8841,0.0184,19.5595,0.0024,19.0805,0.0481,1454.3462388,3.66625896,1.6180,0.0043,0.6700,0.0016,-74.8287,0.1992,0.000e+00
other,VELA28,320,3.124,2.125,7,F160W,181.6057,0.0110,597.3913,0.0112,21.5807,0.0046,5.8655,0.0490,447.0777948,3.7348584,2.5070,0.0230,0.9031,0.0061,50.8959,2.7073,0.000e+00
other,VELA28,320,3.124,2.125,7,F160W,285.2687,0.1153,373.5440,0.0804,23.1736,0.0136,17.8432,0.3356,1360.03725312,25.57996896,1.8821,0.0404,0.6739,0.0095,86.6199,1.3084,0.000e+00
central,VELA28,320,3.124,2.125,8,F160W,300.7510,0.0278,300.9120,0.0190,19.5724,0.0024,20.0283,0.0513,1526.58907128,3.91016808,1.5944,0.0045,0.6456,0.0015,-75.4808,0.1797,0.000e+00
other,VELA28,320,3.124,2.125,8,F160W,291.5071,0.0741,370.2866,0.0821,23.0868,0.0133,15.3658,0.3013,1171.20586128,22.96556808,2.1688,0.0374,0.9742,0.0124,74.1036,20.1010,0.000e+00
other,VELA28,330,3.268,2.0303030303,0,F160W,129.0281,0.0233,166.1613,0.0206,21.8543,0.0059,6.7293,0.0562,528.79983381,4.41629154,2.3109,0.0187,0.9107,0.0052,89.2957,2.8383,0.000e+00
central,VELA28,330,3.268,2.0303030303,0,F160W,300.1744,0.0112,300.9370,0.0099,19.2967,0.0024,15.5551,0.0467,1222.34620167,3.66976539,2.4469,0.0068,0.8330,0.0019,61.1178,0.4418,0.000e+00
other,VELA28,330,3.268,2.0303030303,1,F160W,266.7580,0.0108,450.6765,0.0120,21.8256,0.0053,7.3871,0.0585,580.49087607,4.59702945,2.7431,0.0202,0.8440,0.0052,-5.8860,1.4322,0.000e+00
other,VELA28,330,3.268,2.0303030303,1,F160W,161.1512,0.0873,378.8013,0.0813,24.1859,0.0160,7.4382,0.1994,584.50640094,15.66919098,1.7554,0.0642,0.9310,0.0162,81.0553,11.1839,0.000e+00
central,VELA28,330,3.268,2.0303030303,1,F160W,300.1681,0.0203,299.6951,0.0114,19.4889,0.0023,21.7819,0.0574,1711.65873123,4.51058958,2.3489,0.0055,0.5518,0.0013,85.1735,0.1266,0.000e+00
other,VELA28,330,3.268,2.0303030303,5,F160W,92.5011,0.0104,441.4212,0.0128,21.8247,0.0049,7.7482,0.0620,608.86672794,4.8720654,3.0559,0.0239,0.9415,0.0055,33.4741,3.9771,0.000e+00
other,VELA28,330,3.268,2.0303030303,5,F160W,442.7717,0.0608,363.6633,0.0668,24.1848,0.0187,6.8969,0.1727,541.97012673,13.57105959,1.4820,0.0444,0.8796,0.0154,-33.8590,6.0089,0.000e+00
central,VELA28,330,3.268,2.0303030303,5,F160W,299.5923,0.0211,300.6627,0.0123,19.4955,0.0024,21.1056,0.0427,1658.51392752,3.35543859,2.1582,0.0061,0.5509,0.0014,-84.9091,0.1258,0.000e+00
other,VELA28,330,3.268,2.0303030303,6,F160W,467.3449,0.1005,412.6450,0.0429,22.4590,0.4418,9139.5908,11081.7891,718204.582368,870825.826519,19.9993,3.7549,0.1282,0.0057,-66.3434,0.4060,0.000e+00
other,VELA28,330,3.268,2.0303030303,6,F160W,203.1182,0.3144,233.1411,0.2478,22.4379,0.0114,33.7202,0.4228,2649.79064034,33.22434276,0.7516,0.0154,0.7812,0.0079,68.4930,1.9040,0.000e+00
central,VELA28,330,3.268,2.0303030303,6,F160W,299.9936,0.0143,300.0546,0.0108,19.3442,0.0023,17.1067,0.0515,1344.27356739,4.04695755,2.5832,0.0061,0.6869,0.0016,-79.8197,0.2169,0.000e+00
other,VELA28,330,3.268,2.0303030303,7,F160W,82.5419,0.0119,447.7682,0.0157,21.8785,0.0062,6.8350,0.0538,537.1059195,4.22769546,2.4510,0.0147,0.8568,0.0050,7.2525,1.5327,0.000e+00
other,VELA28,330,3.268,2.0303030303,7,F160W,395.3468,0.0700,401.9250,0.0930,23.6855,0.0136,14.8714,0.3611,1168.61989338,28.37585187,2.3825,0.0585,0.7934,0.0114,-27.7602,2.7747,0.000e+00
central,VELA28,330,3.268,2.0303030303,7,F160W,300.3927,0.0170,300.2899,0.0116,19.4392,0.0022,18.2299,0.0445,1432.53653283,3.49688565,2.0894,0.0050,0.6298,0.0014,-73.8874,0.1591,0.000e+00
other,VELA28,330,3.268,2.0303030303,8,F160W,82.4974,0.0109,450.0769,0.0199,21.8780,0.0062,7.1098,0.0561,558.70017066,4.40843337,2.4660,0.0175,0.8386,0.0050,5.9330,1.3317,0.000e+00
other,VELA28,330,3.268,2.0303030303,8,F160W,403.5067,0.0545,395.3230,0.0795,23.7211,0.0116,14.9276,0.3808,1173.03618492,29.92391136,2.5827,0.0639,0.7674,0.0115,-21.9515,2.4604,0.000e+00
central,VELA28,330,3.268,2.0303030303,8,F160W,300.1510,0.0144,300.2744,0.0110,19.4506,0.0022,19.0855,0.0474,1499.77103535,3.72477258,2.1758,0.0054,0.5950,0.0013,-75.2474,0.1367,0.000e+00
other,VELA28,340,3.413,1.94117647059,0,F160W,348.7505,0.0848,4.6959,0.1008,23.1457,0.0155,14.0891,0.2407,1141.30022569,19.49812013,1.5463,0.0331,0.7617,0.0115,-56.4559,2.2249,0.000e+00
central,VELA28,340,3.413,1.94117647059,0,F160W,301.1161,0.0106,300.2839,0.0085,19.1411,0.0020,14.7185,0.0375,1192.28533915,3.03772125,2.5233,0.0058,0.8347,0.0016,58.6640,0.3983,0.000e+00
central,VELA28,340,3.413,1.94117647059,1,F160W,299.9309,0.0160,299.5879,0.0068,19.3970,0.0020,21.4249,0.0501,1735.54330691,4.05839559,2.4622,0.0054,0.4787,0.0009,-89.8804,0.0867,0.000e+00
other,VELA28,340,3.413,1.94117647059,1,F160W,12.2849,0.0170,164.4196,0.0147,21.7194,0.0043,7.8546,0.0655,636.26894214,5.30588645,2.4007,0.0199,0.9216,0.0049,-54.5085,2.8636,0.000e+00
other,VELA28,340,3.413,1.94117647059,5,F160W,239.4575,0.0204,108.1306,0.0230,21.8645,0.0053,7.9060,0.0542,640.4326454,4.39051978,2.0224,0.0149,0.8942,0.0048,-76.9273,2.0295,0.000e+00
central,VELA28,340,3.413,1.94117647059,5,F160W,300.3879,0.0160,299.2126,0.0106,19.3882,0.0021,20.7060,0.0477,1677.3081654,3.86398143,2.2619,0.0056,0.5781,0.0013,-86.6954,0.1226,0.000e+00
other,VELA28,340,3.413,1.94117647059,6,F160W,561.5012,0.0128,83.6073,0.0160,21.7408,0.0062,7.2740,0.0575,589.2369166,4.65783925,2.3796,0.0189,0.8189,0.0050,30.6460,1.2082,0.000e+00
central,VELA28,340,3.413,1.94117647059,6,F160W,301.1725,0.0115,300.4405,0.0057,19.2365,0.0021,15.9098,0.0399,1288.78766782,3.23213541,2.6721,0.0055,0.7143,0.0015,-86.1353,0.2182,0.000e+00
other,VELA28,340,3.413,1.94117647059,7,F160W,150.5533,0.0174,196.3427,0.0162,21.7724,0.0053,8.2489,0.0538,668.20956851,4.35811742,2.1122,0.0107,0.8781,0.0047,-78.3261,1.6379,0.000e+00
central,VELA28,340,3.413,1.94117647059,7,F160W,300.7436,0.0107,301.1993,0.0085,19.3543,0.0019,19.7001,0.0414,1595.82433059,3.35364426,2.2359,0.0046,0.5180,0.0011,-81.4869,0.0958,0.000e+00
central,VELA28,340,3.413,1.94117647059,8,F160W,300.6558,0.0182,301.2627,0.0101,19.4061,0.0020,20.8193,0.0445,1686.48613387,3.60476255,2.0347,0.0043,0.5233,0.0011,-81.1254,0.0996,0.000e+00
other,VELA28,340,3.413,1.94117647059,8,F160W,163.3416,0.0209,183.4314,0.0169,21.7842,0.0056,8.4471,0.0552,684.26493789,4.47152568,2.1962,0.0138,0.8678,0.0049,-83.3211,1.4757,0.000e+00
central,VELA28,350,3.560,1.85714285714,0,F160W,300.4153,0.0066,300.5715,0.0060,19.1706,0.0020,13.2415,0.0334,1104.1106979,2.78497884,2.7610,0.0062,0.8907,0.0018,42.0772,0.6261,0.000e+00
other,VELA28,350,3.560,1.85714285714,0,F160W,402.2945,0.3590,360.3454,0.1788,22.4874,0.0102,47.6991,0.3245,3977.27497566,27.0576537,0.6745,0.0136,0.4535,0.0046,60.4128,0.3945,0.000e+00
central,VELA28,350,3.560,1.85714285714,1,F160W,300.4713,0.0182,300.9897,0.0119,19.5382,0.0021,23.0382,0.0534,1920.98501532,4.45263084,2.2222,0.0049,0.5237,0.0012,88.5930,0.1052,0.000e+00
central,VELA28,350,3.560,1.85714285714,5,F160W,301.5760,0.0084,300.0386,0.0074,19.4624,0.0020,16.1610,0.0378,1347.5461986,3.15186228,2.6647,0.0056,0.6320,0.0014,-85.0000,0.1525,0.000e+00
other,VELA28,350,3.560,1.85714285714,5,F160W,415.4913,0.0182,348.7270,0.0142,22.0343,0.0065,9.9593,0.0902,830.43232818,7.52111052,2.4586,0.0223,0.5391,0.0039,88.0378,0.4275,0.000e+00
central,VELA28,350,3.560,1.85714285714,6,F160W,300.6678,0.0074,300.7432,0.0066,19.2021,0.0020,13.4434,0.0329,1120.94564484,2.74328754,2.9404,0.0059,0.7618,0.0016,-86.1758,0.2654,0.000e+00
central,VELA28,350,3.560,1.85714285714,7,F160W,300.7983,0.0004,300.4074,0.0001,19.6114,0.0001,21.5540,0.0049,1797.2285604,0.40857474,1.9738,0.0024,0.6016,0.0001,-82.2629,0.0107,0.000e+00
other,VELA28,350,3.560,1.85714285714,7,F160W,298.1008,32838899712.0000,-7.3327,60028043264.0000,20.7421,105056714752.0000,1.000e-02,7.355e+08,0.833826,61327902300.0,3.6371,50184896512.0000,0.7620,939161472.0000,20.3401,752890806272.0000,0.000e+00
other,VELA28,350,3.560,1.85714285714,7,F160W,411.3612,0.0372,349.2681,0.0319,22.1082,0.0058,13.0087,0.1016,1084.69922862,8.47167216,1.6583,0.0177,0.7970,0.0045,-43.3622,1.2237,0.000e+00
central,VELA28,350,3.560,1.85714285714,8,F160W,301.5761,0.0187,300.1116,0.0125,19.6081,0.0021,22.0650,0.0516,1839.837069,4.30254216,2.1313,0.0052,0.5729,0.0013,-83.6425,0.1235,0.000e+00
other,VELA28,350,3.560,1.85714285714,8,F160W,411.4468,0.1029,348.9270,0.0422,21.9695,0.0067,22.4479,0.1614,1871.76426654,13.45795164,1.2720,0.0163,0.3872,0.0026,89.6654,0.2235,0.000e+00
central,VELA28,360,3.709,1.77777777778,0,F160W,300.4454,0.0041,300.4430,0.0038,19.2041,0.0017,13.3390,0.0313,1144.7823258,2.68623486,3.1162,0.0062,0.8977,0.0016,47.7743,0.6081,0.000e+00
central,VELA28,360,3.709,1.77777777778,1,F160W,300.5007,0.0201,300.7739,0.0112,19.6076,0.0020,25.1566,0.0561,2158.99475652,4.81462542,2.1611,0.0049,0.4805,0.0010,87.5038,0.0843,0.000e+00
central,VELA28,360,3.709,1.77777777778,5,F160W,300.3170,0.0067,300.5791,0.0038,19.3178,0.0017,14.7840,0.0305,1268.7954048,2.6175771,3.1647,0.0058,0.6346,0.0012,-87.7340,0.1279,0.000e+00
central,VELA28,360,3.709,1.77777777778,6,F160W,300.6139,0.0052,300.5214,0.0041,19.2171,0.0017,13.6164,0.0312,1168.58940408,2.67765264,3.1799,0.0058,0.8372,0.0015,-84.6053,0.3528,0.000e+00
central,VELA28,360,3.709,1.77777777778,7,F160W,299.6953,0.0139,299.9943,0.0088,19.5588,0.0017,22.7092,0.0457,1948.95350424,3.92207454,2.4203,0.0050,0.5180,0.0010,-83.4561,0.0848,0.000e+00
central,VELA28,360,3.709,1.77777777778,8,F160W,299.8387,0.0145,299.9802,0.0088,19.5649,0.0018,21.4192,0.0432,1838.24286624,3.70751904,2.3925,0.0048,0.5218,0.0010,-86.2604,0.0870,0.000e+00
central,VELA28,400,4.316,1.5,0,F160W,300.7327,0.0089,300.7274,0.0094,19.1172,0.0020,15.0984,0.0399,1438.41399912,3.80124507,2.7953,0.0057,0.8999,0.0018,-12.3253,0.6859,0.000e+00
central,VELA28,400,4.316,1.5,1,F160W,300.8250,0.0199,300.8665,0.0085,19.3655,0.0018,25.2491,0.0514,2405.46408263,4.89684202,2.1245,0.0041,0.3592,0.0007,89.0956,0.0490,0.000e+00
central,VELA28,400,4.316,1.5,6,F160W,300.1920,0.0106,300.3876,0.0082,19.1177,0.0020,15.1633,0.0402,1444.59697669,3.82982586,2.7513,0.0054,0.8783,0.0017,-62.8094,0.5581,0.000e+00
central,VELA28,400,4.316,1.5,7,F160W,300.8360,0.0153,300.0788,0.0081,19.2188,0.0016,22.5623,0.0427,2149.49452739,4.06799911,2.2124,0.0036,0.4490,0.0007,-89.5843,0.0611,0.000e+00
central,VELA28,410,4.471,1.43902439024,0,F160W,300.3807,0.0076,300.6737,0.0094,19.0767,0.0021,15.0700,0.0433,1471.573444,4.22821036,2.9261,0.0062,0.9245,0.0019,-13.0265,0.9901,0.000e+00
central,VELA28,410,4.471,1.43902439024,1,F160W,300.6960,0.0230,300.3969,0.0079,19.2222,0.0017,27.1111,0.0518,2647.37722612,5.05822856,1.9189,0.0038,0.3298,0.0006,89.3492,0.0424,0.000e+00
central,VELA28,410,4.471,1.43902439024,5,F160W,300.3594,0.0103,300.3110,0.0084,19.0749,0.0020,15.6177,0.0383,1525.05591084,3.73996436,2.6184,0.0045,0.7492,0.0015,-84.8842,0.2331,0.000e+00
central,VELA28,410,4.471,1.43902439024,6,F160W,300.5270,0.0076,300.1868,0.0104,19.0855,0.0021,14.8067,0.0421,1445.86240964,4.11103132,2.8599,0.0061,0.9241,0.0019,-46.5547,0.9736,0.000e+00
central,VELA28,410,4.471,1.43902439024,7,F160W,300.2799,0.0129,299.9136,0.0070,19.0986,0.0017,20.0398,0.0411,1956.87043816,4.01338212,2.3317,0.0038,0.4146,0.0008,-89.2651,0.0592,0.000e+00
central,VELA28,410,4.471,1.43902439024,8,F160W,300.3102,0.0129,300.0396,0.0079,19.0845,0.0018,18.7658,0.0410,1832.46535736,4.0036172,2.2996,0.0037,0.4798,0.0009,85.7111,0.0755,0.000e+00
central,VELA28,420,4.626,1.38095238095,0,F160W,300.6870,0.0067,300.3463,0.0074,19.0168,0.0019,15.7947,0.0402,1580.4018873,4.0223718,2.7678,0.0053,0.8714,0.0016,-25.3297,0.5054,0.000e+00
central,VELA28,420,4.626,1.38095238095,1,F160W,301.1090,0.0162,300.9587,0.0071,19.1685,0.0016,25.5549,0.0472,2556.9977391,4.7227848,2.3033,0.0046,0.3425,0.0006,88.9321,0.0427,0.000e+00
central,VELA28,420,4.626,1.38095238095,5,F160W,300.6817,0.0109,300.2916,0.0084,18.9858,0.0017,17.6734,0.0385,1768.3827306,3.8522715,2.5412,0.0042,0.7274,0.0013,-81.8891,0.1889,0.000e+00
central,VELA28,420,4.626,1.38095238095,6,F160W,300.3887,0.0075,300.6986,0.0084,19.0078,0.0019,15.3047,0.0380,1531.3729773,3.802242,2.7777,0.0051,0.9103,0.0016,-52.2366,0.7276,0.000e+00
central,VELA28,420,4.626,1.38095238095,7,F160W,300.8841,0.0160,300.3675,0.0066,19.0762,0.0016,22.5009,0.0407,2251.4175531,4.0724013,2.1278,0.0034,0.4025,0.0007,-89.2810,0.0501,0.000e+00
central,VELA28,420,4.626,1.38095238095,8,F160W,300.7345,0.0142,300.4461,0.0065,19.0393,0.0016,20.5663,0.0391,2057.8434117,3.9123069,2.2185,0.0033,0.4821,0.0008,-87.4330,0.0695,0.000e+00
central,VELA28,430,4.783,1.32558139535,1,F160W,299.8228,0.0285,300.7338,0.0094,19.1157,0.0016,30.7287,0.0546,3148.6162455,5.594589,1.6762,0.0037,0.3063,0.0005,88.6283,0.0359,0.000e+00
other,VELA28,430,4.783,1.32558139535,5,F160W,301.5586,0.1065,300.3563,0.0688,19.5744,0.0025,54.1485,0.1377,5548.3260525,14.1094305,0.4957,0.0026,0.6404,0.0011,83.1618,0.1433,0.000e+00
central,VELA28,430,4.783,1.32558139535,5,F160W,300.3808,0.0049,300.5110,0.0028,19.5348,0.0026,8.4000,0.0383,860.706,3.9244095,3.0071,0.0098,0.7482,0.0017,-88.5893,0.3771,0.000e+00
other,VELA28,430,4.783,1.32558139535,6,F160W,300.0690,0.1133,302.8156,0.1118,19.6038,0.0035,54.3780,0.1612,5571.84177,16.517358,0.5031,0.0034,0.9897,0.0015,83.8921,7.2203,0.000e+00
other,VELA28,430,4.783,1.32558139535,6,F160W,277.3372,0.0881,601.5289,0.3563,22.4054,0.0544,10.0017,0.1460,1024.8241905,14.95989,1.5981,0.0349,0.8818,0.0146,-18.3586,5.5415,0.000e+00
central,VELA28,430,4.783,1.32558139535,6,F160W,300.5683,0.0040,300.2796,0.0056,19.4839,0.0032,8.1994,0.0456,840.151521,4.672404,2.9782,0.0104,0.9931,0.0027,-38.3957,16.4880,0.000e+00
central,VELA28,430,4.783,1.32558139535,7,F160W,300.3048,0.0137,300.2299,0.0071,19.0037,0.0017,19.9589,0.0411,2045.0886885,4.2113115,2.2523,0.0035,0.4397,0.0008,-89.6507,0.0643,0.000e+00
central,VELA28,430,4.783,1.32558139535,8,F160W,300.3447,0.0149,300.2761,0.0082,19.0001,0.0018,19.1819,0.0424,1965.4733835,4.344516,2.1344,0.0030,0.4855,0.0009,-87.2870,0.0773,0.000e+00
other,VELA28,440,4.941,1.27272727273,1,F160W,50.0546,0.0172,72.8242,0.0156,22.2674,0.0062,7.4296,0.0642,778.7186648,6.7289946,2.5702,0.0173,0.8767,0.0053,-38.6041,1.9735,0.000e+00
central,VELA28,440,4.941,1.27272727273,1,F160W,300.2216,0.0239,300.6776,0.0085,19.1428,0.0017,26.7266,0.0530,2801.2951258,5.555089,1.8679,0.0034,0.3294,0.0006,-89.6302,0.0432,0.000e+00
central,VELA28,440,4.941,1.27272727273,7,F160W,300.8019,0.0166,300.1601,0.0090,19.0140,0.0018,19.1540,0.0404,2007.588202,4.2344452,1.9672,0.0029,0.4882,0.0009,-88.3896,0.0796,0.000e+00
other,VELA28,440,4.941,1.27272727273,7,F160W,431.4865,0.0147,19.0144,0.0247,22.2899,0.0074,7.2866,0.0763,763.7304058,7.9972319,2.4317,0.0217,0.9041,0.0070,22.6586,3.0489,0.000e+00
central,VELA28,450,5.100,1.22222222222,0,F160W,300.7274,0.0140,300.6316,0.0135,18.9380,0.0022,16.8880,0.0481,1810.089616,5.1554542,2.5350,0.0053,0.9746,0.0019,19.9963,2.9211,0.000e+00
central,VELA28,450,5.100,1.22222222222,1,F160W,300.3590,0.0257,300.6657,0.0087,19.0563,0.0017,28.9551,0.0525,3103.4655282,5.627055,1.7815,0.0037,0.3193,0.0006,-89.0052,0.0401,0.000e+00
other,VELA28,450,5.100,1.22222222222,5,F160W,396.4836,0.0237,259.5036,0.0281,21.9557,0.0074,12.3455,0.1477,1323.215381,15.8307814,2.3431,0.0294,0.7611,0.0057,34.8062,1.2112,0.000e+00
central,VELA28,450,5.100,1.22222222222,5,F160W,300.7750,0.0156,300.5716,0.0107,18.9124,0.0019,18.4949,0.0458,1982.3203718,4.9089356,2.2954,0.0040,0.7427,0.0015,-86.5963,0.2209,0.000e+00
central,VELA28,450,5.100,1.22222222222,6,F160W,300.3325,0.0129,300.4082,0.0120,18.9514,0.0021,16.3372,0.0457,1751.0537704,4.8982174,2.5507,0.0051,0.9527,0.0019,-58.8632,1.5481,0.000e+00
other,VELA28,450,5.100,1.22222222222,7,F160W,395.6697,0.0199,268.9943,0.0269,22.0623,0.0067,10.2131,0.1164,1094.6604842,12.4759848,2.3747,0.0256,0.7736,0.0055,41.5486,1.2269,0.000e+00
central,VELA28,450,5.100,1.22222222222,7,F160W,300.7612,0.0199,300.2791,0.0095,18.9546,0.0017,23.2390,0.0469,2490.802498,5.0268358,1.9202,0.0032,0.4470,0.0008,87.3165,0.0632,0.000e+00
other,VELA28,450,5.100,1.22222222222,8,F160W,395.7746,0.0182,267.0161,0.0289,21.9951,0.0070,11.4957,0.1298,1232.1321174,13.9122236,2.3805,0.0236,0.7297,0.0050,36.7751,0.9738,0.000e+00
central,VELA28,450,5.100,1.22222222222,8,F160W,300.7446,0.0215,300.3180,0.0117,18.9560,0.0018,22.0298,0.0479,2361.1980236,5.1340178,1.8118,0.0028,0.5266,0.0010,87.2739,0.0900,0.000e+00
central,VELA28,460,5.259,1.17391304348,1,F160W,299.9016,0.0192,300.9337,0.0074,19.1353,0.0016,26.7235,0.0490,2928.9223235,5.370449,2.0689,0.0041,0.3168,0.0006,-87.1704,0.0389,0.000e+00
other,VELA28,460,5.259,1.17391304348,1,F160W,446.4552,0.0131,409.6226,0.0151,22.3787,0.0067,8.4009,0.0764,920.7470409,8.3735164,2.7789,0.0221,0.8437,0.0055,-48.7903,1.6239,0.000e+00
other,VELA28,460,5.259,1.17391304348,6,F160W,419.0394,0.0341,160.5615,0.0211,22.0591,0.0951,927.1296,291.0298,101614.33129,31897.1571098,19.9999,1.6589,0.9088,0.0061,-35.2850,2.3260,0.000e+00
central,VELA28,460,5.259,1.17391304348,6,F160W,300.5978,0.0174,300.7222,0.0178,18.9103,0.0016,19.2170,0.0541,2106.202417,5.9294141,1.9897,0.0033,0.9708,0.0017,-50.7910,2.5055,0.000e+00
other,VELA28,460,5.259,1.17391304348,7,F160W,144.0396,0.0178,438.2117,0.0172,22.4529,0.0068,7.2980,0.0716,799.868098,7.8474316,2.5959,0.0159,0.8962,0.0057,15.3886,2.8938,0.000e+00
central,VELA28,460,5.259,1.17391304348,7,F160W,300.5564,0.0190,300.2118,0.0098,18.9607,0.0017,21.6703,0.0438,2375.0865503,4.8005238,1.8610,0.0026,0.4748,0.0009,-89.9870,0.0684,0.000e+00
central,VELA28,460,5.259,1.17391304348,8,F160W,300.5491,0.0195,300.2163,0.0111,18.9349,0.0017,21.7800,0.0463,2387.10978,5.0745263,1.8727,0.0028,0.5253,0.0010,83.8534,0.0836,0.000e+00
other,VELA28,460,5.259,1.17391304348,8,F160W,143.5278,0.0146,445.4163,0.0181,22.4219,0.0059,7.8905,0.0799,864.8066905,8.7571199,2.8564,0.0302,0.9179,0.0066,18.4668,3.7439,0.000e+00
central,VELA28,470,5.419,1.12765957447,0,F160W,300.5535,0.0110,300.6233,0.0116,18.9173,0.0018,16.7509,0.0415,1876.2515581,4.6483735,2.5365,0.0045,0.9858,0.0017,40.4678,4.7256,0.000e+00
central,VELA28,470,5.419,1.12765957447,5,F160W,300.6438,0.0134,300.4907,0.0101,18.8903,0.0018,17.7068,0.0407,1983.3209612,4.5587663,2.3225,0.0034,0.7979,0.0015,77.2785,0.2754,0.000e+00
central,VELA28,470,5.419,1.12765957447,7,F160W,300.6733,0.0142,300.1502,0.0080,18.9295,0.0016,20.1576,0.0386,2257.8326184,4.3235474,2.1362,0.0027,0.4845,0.0008,88.4695,0.0739,0.000e+00
central,VELA28,490,5.741,1.04081632653,0,F160W,300.1826,0.0128,300.6177,0.0110,18.8271,0.0018,16.8657,0.0418,1967.6874876,4.8767224,2.5292,0.0044,0.9622,0.0017,88.1317,1.6460,0.000e+00
central,VELA28,490,5.741,1.04081632653,1,F160W,300.3604,0.0244,300.9559,0.0077,18.9752,0.0016,29.3108,0.0516,3419.6324144,6.0200688,1.7465,0.0032,0.2703,0.0004,-89.1441,0.0299,0.000e+00
central,VELA28,490,5.741,1.04081632653,5,F160W,300.1296,0.0147,300.7397,0.0111,18.8116,0.0018,17.5428,0.0400,2046.6833904,4.66672,2.2035,0.0030,0.7465,0.0012,87.1308,0.2082,0.000e+00
central,VELA28,490,5.741,1.04081632653,8,F160W,300.2373,0.0124,300.6245,0.0064,18.7562,0.0015,20.5152,0.0394,2393.4673536,4.5967192,2.3677,0.0034,0.4972,0.0008,-87.3742,0.0680,0.000e+00
central,VELA28,500,5.903,1.0,0,F160W,300.5048,0.0104,300.6256,0.0113,18.7985,0.0017,16.3997,0.0395,1952.6958793,4.7032255,2.5139,0.0043,0.9866,0.0016,-78.5096,4.5809,0.000e+00
central,VELA28,500,5.903,1.0,5,F160W,300.6159,0.0134,300.5459,0.0099,18.7609,0.0017,18.8185,0.0400,2240.6999765,4.76276,2.2755,0.0035,0.7411,0.0011,-88.5459,0.1921,0.000e+00
central,VELA28,500,5.903,1.0,8,F160W,300.5524,0.0164,300.3840,0.0095,18.8044,0.0016,20.3295,0.0395,2420.6132355,4.7032255,1.9136,0.0025,0.5560,0.0009,86.8206,0.0889,0.000e+00
central,VELA28,510,6.066,0.960784313725,0,F160W,300.5853,0.0105,300.6053,0.0109,18.7367,0.0018,19.3170,0.0442,2345.798529,5.3675154,2.2378,0.0037,0.9425,0.0015,-49.4148,1.0040,0.000e+00
central,VELA28,510,6.066,0.960784313725,1,F160W,300.7754,0.0243,300.7344,0.0069,18.9641,0.0014,28.8052,0.0433,3498.0170724,5.2582221,1.5655,0.0027,0.2619,0.0004,87.1512,0.0263,0.000e+00
other,VELA28,510,6.066,0.960784313725,1,F160W,254.1306,0.0164,242.4716,0.0107,22.3584,0.0064,8.1001,0.0748,983.6518437,9.0834876,2.9266,0.0193,0.8931,0.0057,74.3698,2.4008,0.000e+00
central,VELA28,510,6.066,0.960784313725,5,F160W,300.6151,0.0144,300.4749,0.0108,18.7018,0.0016,20.1797,0.0412,2450.5622289,5.0032044,2.1866,0.0032,0.7460,0.0011,-81.0373,0.1790,0.000e+00
central,VELA28,510,6.066,0.960784313725,6,F160W,300.3643,0.0135,300.3747,0.0122,18.7354,0.0017,18.7129,0.0425,2272.4384373,5.1610725,2.3550,0.0039,0.8919,0.0014,81.2686,0.5182,0.000e+00
central,VELA28,510,6.066,0.960784313725,8,F160W,300.6135,0.0132,300.3328,0.0074,18.7179,0.0015,21.3205,0.0378,2589.0975585,4.5903186,2.1925,0.0032,0.5143,0.0008,-85.7032,0.0715,0.000e+00
